feature,weight,current_score,persistence_ratio,stability_score,months_causal,total_months,selected,category
VVIX.INDX_high,1.4101426514045519,3,0.14285714285714285,0.8335643342885325,7,49,True,Long-term Stable
MSFT_volume,1.4101426514045519,3,0.14285714285714285,0.8335643342885325,7,49,True,Long-term Stable
BNB_open,1.4039013139676777,3,0.14285714285714285,0.8023576471041616,7,49,True,Long-term Stable
AUDUSD_low_fract,1.4029062899183384,3,0.12244897959183673,0.8279947717554249,6,49,True,Long-term Stable
MA_volume,1.4026134581182739,3,0.10204081632653061,0.8571428576530612,5,49,True,Long-term Stable
LTC_open,1.396901233958334,3,0.12244897959183673,0.7979694919554029,6,49,True,Long-term Stable
GBPUSD_close_fract,1.0434297845468452,2,0.14285714285714285,1.0,7,49,True,Long-term Stable
BNB_high,1.0434297845468452,2,0.14285714285714285,1.0,7,49,False,Long-term Stable
MOVE.INDX_adjusted_close,1.0434297845468452,2,0.14285714285714285,1.0,7,49,False,Long-term Stable
AUDCAD_close_fract,1.0434297845468452,2,0.14285714285714285,1.0,7,49,False,Long-term Stable
EURAUD_high_fract,1.0434297845468452,2,0.14285714285714285,1.0,7,49,False,Long-term Stable
CHFJPY_close_fract,1.0434297845468452,2,0.14285714285714285,1.0,7,49,False,Long-term Stable
AUDUSD_close_fract,1.0434297845468452,2,0.14285714285714285,1.0,7,49,False,Long-term Stable
BNB_close,1.0434297845468452,2,0.14285714285714285,1.0,7,49,False,Long-term Stable
EURAUD_close_fract,1.0434297845468452,2,0.14285714285714285,1.0,7,49,False,Long-term Stable
EFA_open,1.0434297845468452,2,0.14285714285714285,1.0,7,49,False,Long-term Stable
VSMAX_close,1.0434297845468452,2,0.14285714285714285,1.0,7,49,True,Long-term Stable
IBEX.INDX_volume,1.0434297845468452,2,0.14285714285714285,1.0,7,49,False,Long-term Stable
EURCHF_low_fract,1.0434297845468452,2,0.14285714285714285,1.0,7,49,True,Long-term Stable
VSMAX_high,1.0434297845468452,2,0.14285714285714285,1.0,7,49,True,Long-term Stable
VXD.INDX_low,1.0434297845468452,2,0.14285714285714285,1.0,7,49,True,Long-term Stable
AUDCHF_close_fract,1.0434297845468452,2,0.14285714285714285,1.0,7,49,True,Long-term Stable
CADCHF_close_fract,1.0434297845468452,2,0.14285714285714285,1.0,7,49,True,Long-term Stable
VSMAX_low,1.0434297845468452,2,0.14285714285714285,1.0,7,49,True,Long-term Stable
VXD.INDX_open,1.0434297845468452,2,0.14285714285714285,1.0,7,49,True,Long-term Stable
MOVE.INDX_close,1.0434297845468452,2,0.14285714285714285,1.0,7,49,False,Long-term Stable
BNB_low,1.0434297845468452,2,0.14285714285714285,1.0,7,49,False,Long-term Stable
EURAUD_low_fract,1.0434297845468452,2,0.14285714285714285,1.0,7,49,True,Long-term Stable
BNB_adjusted_close,1.0434297845468452,2,0.14285714285714285,1.0,7,49,True,Long-term Stable
VSMAX_open,1.0434297845468452,2,0.14285714285714285,1.0,7,49,True,Long-term Stable
CHFJPY_open_fract,1.0373073355672533,2,0.12244897959183673,1.0,6,49,False,Long-term Stable
MOVE.INDX_high,1.0373073355672533,2,0.12244897959183673,1.0,6,49,False,Long-term Stable
AUDCAD_volume_fract,1.0373073355672533,2,0.12244897959183673,1.0,6,49,False,Long-term Stable
VSMAX_adjusted_close,1.0373073355672533,2,0.12244897959183673,1.0,6,49,False,Long-term Stable
AUDCHF_open,1.0373073355672533,2,0.12244897959183673,1.0,6,49,False,Long-term Stable
PG_volume,1.0373073355672533,2,0.12244897959183673,1.0,6,49,False,Long-term Stable
BSESN.INDX_adjusted_close,1.0373073355672533,2,0.12244897959183673,1.0,6,49,False,Long-term Stable
LTC_volume,1.0373073355672533,2,0.12244897959183673,1.0,6,49,False,Long-term Stable
AUDCAD_volume,1.0373073355672533,2,0.12244897959183673,1.0,6,49,False,Long-term Stable
BSESN.INDX_close,1.0373073355672533,2,0.12244897959183673,1.0,6,49,False,Long-term Stable
GOOG_high,1.0311848865876616,2,0.10204081632653061,1.0,5,49,False,Long-term Stable
BCH_close,1.0311848865876616,2,0.10204081632653061,1.0,5,49,False,Long-term Stable
GBPUSD_volume,1.0311848865876616,2,0.10204081632653061,1.0,5,49,False,Long-term Stable
GBPUSD_volume_fract,1.0311848865876616,2,0.10204081632653061,1.0,5,49,False,Long-term Stable
LTC_low,1.0311848865876616,2,0.10204081632653061,1.0,5,49,False,Long-term Stable
BCH_adjusted_close,1.0311848865876616,2,0.10204081632653061,1.0,5,49,False,Long-term Stable
IBEX.INDX_low,1.0311848865876616,2,0.10204081632653061,1.0,5,49,False,Long-term Stable
IBEX.INDX_adjusted_close,1.0250624376080697,2,0.08163265306122448,1.0,4,49,False,Long-term Stable
ADBE_open,1.0250624376080697,2,0.08163265306122448,1.0,4,49,False,Long-term Stable
SLV_open,1.0250624376080697,2,0.08163265306122448,1.0,4,49,False,Long-term Stable
IBEX.INDX_close,1.0250624376080697,2,0.08163265306122448,1.0,4,49,False,Long-term Stable
VVIX.INDX_close,1.0250624376080697,2,0.08163265306122448,1.0,4,49,False,Long-term Stable
AUDJPY_close_fract,1.0250624376080697,2,0.08163265306122448,1.0,4,49,False,Long-term Stable
BAC_adjusted_close,1.0250624376080697,2,0.08163265306122448,1.0,4,49,False,Long-term Stable
VVIX.INDX_adjusted_close,1.0250624376080697,2,0.08163265306122448,1.0,4,49,False,Long-term Stable
GOOGL_high,1.0189399886284778,2,0.061224489795918366,1.0,3,49,False,Long-term Stable
CHFJPY_open,1.0189399886284778,2,0.061224489795918366,1.0,3,49,False,Long-term Stable
BCH_high,1.0189399886284778,2,0.061224489795918366,1.0,3,49,False,Long-term Stable
GVZ.INDX_open,1.0189399886284778,2,0.061224489795918366,1.0,3,49,False,Long-term Stable
AUDJPY_low_fract,1.0189399886284778,2,0.061224489795918366,1.0,3,49,False,Long-term Stable
BNB_volume,1.012817539648886,2,0.04081632653061224,1.0,2,49,True,Temporary
AUDNZD_high_fract,1.012817539648886,2,0.04081632653061224,1.0,2,49,True,Temporary
GOOGL_adjusted_close,1.012817539648886,2,0.04081632653061224,1.0,2,49,True,Temporary
SOYB_low,1.012817539648886,2,0.04081632653061224,1.0,2,49,True,Temporary
GOOG_low,1.012817539648886,2,0.04081632653061224,1.0,2,49,True,Temporary
BAC_close,1.012817539648886,2,0.04081632653061224,1.0,2,49,True,Temporary
VIX.INDX_high,1.012817539648886,2,0.04081632653061224,1.0,2,49,True,Temporary
VIX.INDX_low,1.012817539648886,2,0.04081632653061224,1.0,2,49,True,Temporary
AUDCAD_low_fract,1.0039013139676776,2,0.14285714285714285,0.8023576471041616,7,49,False,Long-term Stable
KO_volume,1.0026756480659769,2,0.14285714285714285,0.7962293175956584,7,49,False,Long-term Stable
GOOG_close,0.8066950906692941,2,0.02040816326530612,0.0,1,49,False,Temporary
GOOGL_close,0.8066950906692941,2,0.02040816326530612,0.0,1,49,True,Temporary
GOOG_adjusted_close,0.8066950906692941,2,0.02040816326530612,0.0,1,49,True,Temporary
LTC_high,0.8066950906692941,2,0.02040816326530612,0.0,1,49,True,Temporary
CMCSA_volume,0.8066950906692941,2,0.02040816326530612,0.0,1,49,False,Temporary
INTC_low,0.8066950906692941,2,0.02040816326530612,0.0,1,49,True,Temporary
CRM_volume,0.6434297845468452,1,0.14285714285714285,1.0,7,49,False,Long-term Stable
OVX.INDX_low,0.6373073355672534,1,0.12244897959183673,1.0,6,49,False,Long-term Stable
IWM_volume,0.6311848865876615,1,0.10204081632653061,1.0,5,49,False,Long-term Stable
HD_open,0.6311848865876615,1,0.10204081632653061,1.0,5,49,False,Long-term Stable
ETH_low,0.6311848865876615,1,0.10204081632653061,1.0,5,49,False,Long-term Stable
CHFJPY_close,0.6250624376080697,1,0.08163265306122448,1.0,4,49,False,Long-term Stable
BTC_volume,0.6250624376080697,1,0.08163265306122448,1.0,4,49,False,Long-term Stable
ETH_close,0.6250624376080697,1,0.08163265306122448,1.0,4,49,False,Long-term Stable
ETH_adjusted_close,0.6250624376080697,1,0.08163265306122448,1.0,4,49,False,Long-term Stable
AGG_high,0.6189399886284779,1,0.061224489795918366,1.0,3,49,False,Long-term Stable
HD_low,0.6189399886284779,1,0.061224489795918366,1.0,3,49,False,Long-term Stable
EFA_low,0.6189399886284779,1,0.061224489795918366,1.0,3,49,False,Long-term Stable
CPER_low,0.6189399886284779,1,0.061224489795918366,1.0,3,49,False,Long-term Stable
AGG_open,0.6189399886284779,1,0.061224489795918366,1.0,3,49,False,Long-term Stable
AUDUSD_volume,0.6189399886284779,1,0.061224489795918366,1.0,3,49,False,Long-term Stable
OVX.INDX_open,0.6189399886284779,1,0.061224489795918366,1.0,3,49,False,Long-term Stable
GOOGL_volume,0.612817539648886,1,0.04081632653061224,1.0,2,49,False,Temporary
NKE_close,0.612817539648886,1,0.04081632653061224,1.0,2,49,False,Temporary
AUDNZD_low,0.612817539648886,1,0.04081632653061224,1.0,2,49,False,Temporary
CPER_open,0.612817539648886,1,0.04081632653061224,1.0,2,49,False,Temporary
SLV_volume,0.612817539648886,1,0.04081632653061224,1.0,2,49,False,Temporary
AUDNZD_volume_fract,0.612817539648886,1,0.04081632653061224,1.0,2,49,False,Temporary
XPTUSD_open,0.612817539648886,1,0.04081632653061224,1.0,2,49,False,Temporary
AUDNZD_volume,0.612817539648886,1,0.04081632653061224,1.0,2,49,False,Temporary
AUDNZD_high,0.612817539648886,1,0.04081632653061224,1.0,2,49,False,Temporary
VIX.INDX_adjusted_close,0.612817539648886,1,0.04081632653061224,1.0,2,49,False,Temporary
VIX.INDX_close,0.612817539648886,1,0.04081632653061224,1.0,2,49,False,Temporary
CPER_high,0.612817539648886,1,0.04081632653061224,1.0,2,49,False,Temporary
COST_volume,0.612817539648886,1,0.04081632653061224,1.0,2,49,False,Temporary
ETH_open,0.6110006535718676,1,0.12244897959183673,0.8684665900230715,6,49,False,Long-term Stable
AMD_close,0.4066950906692941,1,0.02040816326530612,0.0,1,49,False,Temporary
USDCHF_high,0.4066950906692941,1,0.02040816326530612,0.0,1,49,False,Temporary
GOOGL_low,0.4066950906692941,1,0.02040816326530612,0.0,1,49,False,Temporary
VXN.INDX_close,0.4066950906692941,1,0.02040816326530612,0.0,1,49,False,Temporary
USO_low,0.4066950906692941,1,0.02040816326530612,0.0,1,49,False,Temporary
AUDCAD_high_fract,0.4066950906692941,1,0.02040816326530612,0.0,1,49,False,Temporary
XPTUSD_low,0.4066950906692941,1,0.02040816326530612,0.0,1,49,False,Temporary
DIS_open,0.4066950906692941,1,0.02040816326530612,0.0,1,49,False,Temporary
AMD_adjusted_close,0.4066950906692941,1,0.02040816326530612,0.0,1,49,False,Temporary
AUDUSD_high_fract,0.4066950906692941,1,0.02040816326530612,0.0,1,49,False,Temporary
CMCSA_close,0.4066950906692941,1,0.02040816326530612,0.0,1,49,False,Temporary
MCD_adjusted_close,0.4066950906692941,1,0.02040816326530612,0.0,1,49,False,Temporary
EFA_high,0.4066950906692941,1,0.02040816326530612,0.0,1,49,False,Temporary
FIL_volume,0.4066950906692941,1,0.02040816326530612,0.0,1,49,False,Temporary
CMCSA_adjusted_close,0.4066950906692941,1,0.02040816326530612,0.0,1,49,False,Temporary
AUDUSD_volume_fract,0.4066950906692941,1,0.02040816326530612,0.0,1,49,False,Temporary
GVZ.INDX_low,0.4066950906692941,1,0.02040816326530612,0.0,1,49,False,Temporary
CADJPY_low_fract,0.4066950906692941,1,0.02040816326530612,0.0,1,49,False,Temporary
USO_open,0.4066950906692941,1,0.02040816326530612,0.0,1,49,False,Temporary
AMZN_volume,0.4066950906692941,1,0.02040816326530612,0.0,1,49,False,Temporary
TXN_open,0.4066950906692941,1,0.02040816326530612,0.0,1,49,False,Temporary
VXN.INDX_adjusted_close,0.4066950906692941,1,0.02040816326530612,0.0,1,49,False,Temporary
EURUSD_close_fract,0.4066950906692941,1,0.02040816326530612,0.0,1,49,False,Temporary
VIGAX_open,0.40057264168970225,1,0.0,0.0,0,49,False,Temporary
TRX_low,0.40057264168970225,1,0.0,0.0,0,49,False,Temporary
SSEC.INDX_close,0.40057264168970225,1,0.0,0.0,0,49,False,Temporary
XAGUSD_close,0.40057264168970225,1,0.0,0.0,0,49,False,Temporary
EFA_close,0.40057264168970225,1,0.0,0.0,0,49,False,Temporary
VTSAX_high,0.40057264168970225,1,0.0,0.0,0,49,False,Temporary
AMZN_close,0.40057264168970225,1,0.0,0.0,0,49,False,Temporary
CADJPY_close_fract,0.40057264168970225,1,0.0,0.0,0,49,False,Temporary
HBAR_open,0.40057264168970225,1,0.0,0.0,0,49,False,Temporary
EURGBP_low_fract,0.40057264168970225,1,0.0,0.0,0,49,False,Temporary
VWUSX_close,0.40057264168970225,1,0.0,0.0,0,49,False,Temporary
UNH_high,0.40057264168970225,1,0.0,0.0,0,49,False,Temporary
SSEC.INDX_high,0.40057264168970225,1,0.0,0.0,0,49,False,Temporary
XLM_low,0.40057264168970225,1,0.0,0.0,0,49,False,Temporary
AUDNZD_close_fract,0.40057264168970225,1,0.0,0.0,0,49,False,Temporary
TSLA_low,0.40057264168970225,1,0.0,0.0,0,49,False,Temporary
CADJPY_open,0.40057264168970225,1,0.0,0.0,0,49,False,Temporary
CADJPY_high,0.40057264168970225,1,0.0,0.0,0,49,False,Temporary
CADJPY_close,0.40057264168970225,1,0.0,0.0,0,49,False,Temporary
EURCHF_close_fract,0.40057264168970225,1,0.0,0.0,0,49,False,Temporary
GLD_volume,0.40057264168970225,1,0.0,0.0,0,49,False,Temporary
BSESN.INDX_low,0.40057264168970225,1,0.0,0.0,0,49,False,Temporary
VFIAX_high,0.40057264168970225,1,0.0,0.0,0,49,False,Temporary
SPY_low,0.40057264168970225,1,0.0,0.0,0,49,False,Temporary
SWPPX_low,0.40057264168970225,1,0.0,0.0,0,49,False,Temporary
EURCHF_open,0.40057264168970225,1,0.0,0.0,0,49,False,Temporary
BSESN.INDX_high,0.40057264168970225,1,0.0,0.0,0,49,False,Temporary
XLK_close,0.40057264168970225,1,0.0,0.0,0,49,False,Temporary
SPY_volume,0.40057264168970225,1,0.0,0.0,0,49,False,Temporary
XLM_adjusted_close,0.40057264168970225,1,0.0,0.0,0,49,False,Temporary
AMD_low,0.40057264168970225,1,0.0,0.0,0,49,False,Temporary
USDJPY_volume_fract,0.40057264168970225,1,0.0,0.0,0,49,False,Temporary
EURUSD_high_fract,0.40057264168970225,1,0.0,0.0,0,49,False,Temporary
AUDCHF_high_fract,0.40057264168970225,1,0.0,0.0,0,49,False,Temporary
VTI_open,0.40057264168970225,1,0.0,0.0,0,49,False,Temporary
IVV_high,0.40057264168970225,1,0.0,0.0,0,49,False,Temporary
META_open,0.40057264168970225,1,0.0,0.0,0,49,False,Temporary
CADCHF_volume,0.40057264168970225,1,0.0,0.0,0,49,False,Temporary
AUDUSD_open_fract,0.40057264168970225,1,0.0,0.0,0,49,False,Temporary
AUDJPY_high,0.40057264168970225,1,0.0,0.0,0,49,False,Temporary
NFLX_open,0.40057264168970225,1,0.0,0.0,0,49,False,Temporary
USDJPY_close_fract,0.40057264168970225,1,0.0,0.0,0,49,False,Temporary
HBAR_high,0.40057264168970225,1,0.0,0.0,0,49,False,Temporary
DJI.INDX_low,0.40057264168970225,1,0.0,0.0,0,49,False,Temporary
TRX_adjusted_close,0.40057264168970225,1,0.0,0.0,0,49,False,Temporary
ETC_high,0.40057264168970225,1,0.0,0.0,0,49,False,Temporary
VWUSX_adjusted_close,0.40057264168970225,1,0.0,0.0,0,49,False,Temporary
TSLA_close,0.40057264168970225,1,0.0,0.0,0,49,False,Temporary
XLM_close,0.40057264168970225,1,0.0,0.0,0,49,False,Temporary
IBEX.INDX_open,0.40057264168970225,1,0.0,0.0,0,49,False,Temporary
USDJPY_close,0.40057264168970225,1,0.0,0.0,0,49,False,Temporary
XPTUSD_high,0.40057264168970225,1,0.0,0.0,0,49,False,Temporary
TSLA_high,0.40057264168970225,1,0.0,0.0,0,49,False,Temporary
KO_low,0.40057264168970225,1,0.0,0.0,0,49,False,Temporary
DIA_open,0.40057264168970225,1,0.0,0.0,0,49,False,Temporary
DIA_adjusted_close,0.40057264168970225,1,0.0,0.0,0,49,False,Temporary
WEAT_open,0.40057264168970225,1,0.0,0.0,0,49,False,Temporary
CSCO_high,0.40057264168970225,1,0.0,0.0,0,49,False,Temporary
NDX.INDX_low,0.40057264168970225,1,0.0,0.0,0,49,False,Temporary
UNH_low,0.40057264168970225,1,0.0,0.0,0,49,False,Temporary
BTC_low,0.40057264168970225,1,0.0,0.0,0,49,False,Temporary
VXN.INDX_high,0.40057264168970225,1,0.0,0.0,0,49,False,Temporary
CADCHF_volume_fract,0.40057264168970225,1,0.0,0.0,0,49,False,Temporary
BAC_open,0.40057264168970225,1,0.0,0.0,0,49,False,Temporary
XAGUSD_adjusted_close,0.40057264168970225,1,0.0,0.0,0,49,False,Temporary
USDCHF_high_fract,0.40057264168970225,1,0.0,0.0,0,49,False,Temporary
NFLX_high,0.40057264168970225,1,0.0,0.0,0,49,False,Temporary
ETC_low,0.40057264168970225,1,0.0,0.0,0,49,False,Temporary
XPTUSD_close,0.40057264168970225,1,0.0,0.0,0,49,False,Temporary
LTC_adjusted_close,0.40057264168970225,1,0.0,0.0,0,49,False,Temporary
NFLX_adjusted_close,0.40057264168970225,1,0.0,0.0,0,49,False,Temporary
WMT_low,0.40057264168970225,1,0.0,0.0,0,49,False,Temporary
IWM_high,0.40057264168970225,1,0.0,0.0,0,49,False,Temporary
TSLA_open,0.40057264168970225,1,0.0,0.0,0,49,False,Temporary
KO_adjusted_close,0.40057264168970225,1,0.0,0.0,0,49,False,Temporary
GOOG_volume,0.40057264168970225,1,0.0,0.0,0,49,False,Temporary
XPTUSD_adjusted_close,0.40057264168970225,1,0.0,0.0,0,49,False,Temporary
GBPUSD_high,0.40057264168970225,1,0.0,0.0,0,49,False,Temporary
CHFJPY_low_fract,0.40057264168970225,1,0.0,0.0,0,49,False,Temporary
GBPUSD_close,0.40057264168970225,1,0.0,0.0,0,49,False,Temporary
HBAR_volume,0.40057264168970225,1,0.0,0.0,0,49,False,Temporary
XLM_high,0.40057264168970225,1,0.0,0.0,0,49,False,Temporary
ATOM_volume,0.40057264168970225,1,0.0,0.0,0,49,False,Temporary
HSI.INDX_adjusted_close,0.40057264168970225,1,0.0,0.0,0,49,False,Temporary
ADBE_high,0.40057264168970225,1,0.0,0.0,0,49,False,Temporary
BTC_open,0.40057264168970225,1,0.0,0.0,0,49,False,Temporary
NKE_volume,0.40057264168970225,1,0.0,0.0,0,49,False,Temporary
EURUSD_low_fract,0.40057264168970225,1,0.0,0.0,0,49,False,Temporary
SWTSX_open,0.40057264168970225,1,0.0,0.0,0,49,False,Temporary
PG_open,0.40057264168970225,1,0.0,0.0,0,49,False,Temporary
AMZN_open,0.40057264168970225,1,0.0,0.0,0,49,False,Temporary
MCD_low,0.40057264168970225,1,0.0,0.0,0,49,False,Temporary
NFLX_volume,0.40057264168970225,1,0.0,0.0,0,49,False,Temporary
SPY_open,0.40057264168970225,1,0.0,0.0,0,49,False,Temporary
VWUSX_low,0.40057264168970225,1,0.0,0.0,0,49,False,Temporary
TRX_close,0.40057264168970225,1,0.0,0.0,0,49,False,Temporary
XLK_open,0.40057264168970225,1,0.0,0.0,0,49,False,Temporary
PG_low,0.40057264168970225,1,0.0,0.0,0,49,False,Temporary
USDCHF_open,0.40057264168970225,1,0.0,0.0,0,49,False,Temporary
VTSAX_close,0.40057264168970225,1,0.0,0.0,0,49,False,Temporary
TSLA_volume,0.40057264168970225,1,0.0,0.0,0,49,False,Temporary
EURJPY_low_fract,0.40057264168970225,1,0.0,0.0,0,49,False,Temporary
DOGE_open,0.40057264168970225,1,0.0,0.0,0,49,False,Temporary
ADA_high,0.40057264168970225,1,0.0,0.0,0,49,False,Temporary
JPM_low,0.40057264168970225,1,0.0,0.0,0,49,False,Temporary
SWTSX_low,0.40057264168970225,1,0.0,0.0,0,49,False,Temporary
PG_close,0.40057264168970225,1,0.0,0.0,0,49,False,Temporary
BAC_high,0.40057264168970225,1,0.0,0.0,0,49,False,Temporary
HBAR_adjusted_close,0.40057264168970225,1,0.0,0.0,0,49,False,Temporary
COST_close,0.40057264168970225,1,0.0,0.0,0,49,False,Temporary
VTI_close,0.40057264168970225,1,0.0,0.0,0,49,False,Temporary
USDJPY_open,0.40057264168970225,1,0.0,0.0,0,49,False,Temporary
AUDNZD_close,0.40057264168970225,1,0.0,0.0,0,49,False,Temporary
VIGAX_close,0.40057264168970225,1,0.0,0.0,0,49,False,Temporary
EURCAD_volume,0.40057264168970225,1,0.0,0.0,0,49,False,Temporary
MSFT_high,0.40057264168970225,1,0.0,0.0,0,49,False,Temporary
FZROX_low,0.40057264168970225,1,0.0,0.0,0,49,False,Temporary
EURAUD_high,0.40057264168970225,1,0.0,0.0,0,49,False,Temporary
SLV_close,0.40057264168970225,1,0.0,0.0,0,49,False,Temporary
EURAUD_open,0.40057264168970225,1,0.0,0.0,0,49,False,Temporary
EURCAD_open,0.40057264168970225,1,0.0,0.0,0,49,False,Temporary
SSEC.INDX_open,0.40057264168970225,1,0.0,0.0,0,49,False,Temporary
BTC_high,0.40057264168970225,1,0.0,0.0,0,49,False,Temporary
FZROX_high,0.40057264168970225,1,0.0,0.0,0,49,False,Temporary
AUDCHF_low_fract,0.40057264168970225,1,0.0,0.0,0,49,False,Temporary
BLK_low,0.40057264168970225,1,0.0,0.0,0,49,False,Temporary
JPM_volume,0.40057264168970225,1,0.0,0.0,0,49,False,Temporary
DOGE_close,0.40057264168970225,1,0.0,0.0,0,49,False,Temporary
BAC_volume,0.40057264168970225,1,0.0,0.0,0,49,False,Temporary
CHFJPY_low,0.40057264168970225,1,0.0,0.0,0,49,False,Temporary
MA_low,0.40057264168970225,1,0.0,0.0,0,49,False,Temporary
QQQ_high,0.40057264168970225,1,0.0,0.0,0,49,False,Temporary
VIMAX_high,0.40057264168970225,1,0.0,0.0,0,49,False,Temporary
VOO_high,0.40057264168970225,1,0.0,0.0,0,49,False,Temporary
NDX.INDX_open,0.40057264168970225,1,0.0,0.0,0,49,False,Temporary
EURJPY_close,0.40057264168970225,1,0.0,0.0,0,49,False,Temporary
SOYB_adjusted_close,0.40057264168970225,1,0.0,0.0,0,49,False,Temporary
EURCHF_open_fract,0.40057264168970225,1,0.0,0.0,0,49,False,Temporary
HSI.INDX_close,0.40057264168970225,1,0.0,0.0,0,49,False,Temporary
AUDNZD_open_fract,0.40057264168970225,1,0.0,0.0,0,49,False,Temporary
AUDUSD_open,0.40057264168970225,1,0.0,0.0,0,49,False,Temporary
DIS_high,0.40057264168970225,1,0.0,0.0,0,49,False,Temporary
EURAUD_volume_fract,0.40057264168970225,1,0.0,0.0,0,49,False,Temporary
NDX.INDX_high,0.40057264168970225,1,0.0,0.0,0,49,False,Temporary
LTC_close,0.40057264168970225,1,0.0,0.0,0,49,False,Temporary
UNG_adjusted_close,0.40057264168970225,1,0.0,0.0,0,49,False,Temporary
SSEC.INDX_adjusted_close,0.40057264168970225,1,0.0,0.0,0,49,False,Temporary
BTC_adjusted_close,0.40057264168970225,1,0.0,0.0,0,49,False,Temporary
BCH_open,0.40057264168970225,1,0.0,0.0,0,49,False,Temporary
IVV_open,0.40057264168970225,1,0.0,0.0,0,49,False,Temporary
VTI_low,0.40057264168970225,1,0.0,0.0,0,49,False,Temporary
EURUSD_volume_fract,0.40057264168970225,1,0.0,0.0,0,49,False,Temporary
VIMAX_open,0.40057264168970225,1,0.0,0.0,0,49,False,Temporary
BLK_open,0.40057264168970225,1,0.0,0.0,0,49,False,Temporary
IVV_low,0.40057264168970225,1,0.0,0.0,0,49,False,Temporary
VOO_low,0.40057264168970225,1,0.0,0.0,0,49,False,Temporary
USDJPY_low,0.40057264168970225,1,0.0,0.0,0,49,False,Temporary
IBEX.INDX_high,0.40057264168970225,1,0.0,0.0,0,49,False,Temporary
CHFJPY_high,0.40057264168970225,1,0.0,0.0,0,49,False,Temporary
FZROX_close,0.40057264168970225,1,0.0,0.0,0,49,False,Temporary
MA_close,0.40057264168970225,1,0.0,0.0,0,49,False,Temporary
SLV_adjusted_close,0.40057264168970225,1,0.0,0.0,0,49,False,Temporary
CADJPY_low,0.40057264168970225,1,0.0,0.0,0,49,False,Temporary
SWPPX_open,0.40057264168970225,1,0.0,0.0,0,49,False,Temporary
MA_high,0.40057264168970225,1,0.0,0.0,0,49,False,Temporary
EFA_adjusted_close,0.40057264168970225,1,0.0,0.0,0,49,False,Temporary
VTI_volume,0.40057264168970225,1,0.0,0.0,0,49,False,Temporary
LINK_open,0.40057264168970225,1,0.0,0.0,0,49,False,Temporary
ATOM_high,0.40057264168970225,1,0.0,0.0,0,49,False,Temporary
VIX.INDX_open,0.40057264168970225,1,0.0,0.0,0,49,False,Temporary
AUDCHF_open_fract,0.40057264168970225,1,0.0,0.0,0,49,False,Temporary
META_high,0.40057264168970225,1,0.0,0.0,0,49,False,Temporary
XAGUSD_low,0.40057264168970225,1,0.0,0.0,0,49,False,Temporary
CORN_low,0.40057264168970225,1,0.0,0.0,0,49,False,Temporary
EURUSD_low,0.40057264168970225,1,0.0,0.0,0,49,False,Temporary
BCH_volume,0.40057264168970225,1,0.0,0.0,0,49,False,Temporary
EURAUD_volume,0.40057264168970225,1,0.0,0.0,0,49,False,Temporary
HD_high,0.40057264168970225,1,0.0,0.0,0,49,False,Temporary
DOGE_high,0.40057264168970225,1,0.0,0.0,0,49,False,Temporary
BLK_high,0.40057264168970225,1,0.0,0.0,0,49,False,Temporary
EURCHF_low,0.40057264168970225,1,0.0,0.0,0,49,False,Temporary
EURAUD_close,0.40057264168970225,1,0.0,0.0,0,49,False,Temporary
MOVE.INDX_open,0.40057264168970225,1,0.0,0.0,0,49,False,Temporary
UNG_close,0.40057264168970225,1,0.0,0.0,0,49,False,Temporary
WMT_adjusted_close,0.40057264168970225,1,0.0,0.0,0,49,False,Temporary
NKE_adjusted_close,0.40057264168970225,1,0.0,0.0,0,49,False,Temporary
MSFT_adjusted_close,0.40057264168970225,1,0.0,0.0,0,49,False,Temporary
CADCHF_low_fract,0.40057264168970225,1,0.0,0.0,0,49,False,Temporary
SKEW.INDX_volume,0.40057264168970225,1,0.0,0.0,0,49,False,Temporary
AMZN_adjusted_close,0.40057264168970225,1,0.0,0.0,0,49,False,Temporary
ETH_volume,0.40057264168970225,1,0.0,0.0,0,49,False,Temporary
DIA_volume,0.40057264168970225,1,0.0,0.0,0,49,False,Temporary
AUDCHF_volume,0.40057264168970225,1,0.0,0.0,0,49,False,Temporary
AUDCHF_close,0.40057264168970225,1,0.0,0.0,0,49,False,Temporary
HSI.INDX_high,0.40057264168970225,1,0.0,0.0,0,49,False,Temporary
USDCAD_high_fract,0.40057264168970225,1,0.0,0.0,0,49,False,Temporary
COST_low,0.40057264168970225,1,0.0,0.0,0,49,False,Temporary
JPM_open,0.40057264168970225,1,0.0,0.0,0,49,False,Temporary
LLY_low,0.40057264168970225,1,0.0,0.0,0,49,False,Temporary
LLY_adjusted_close,0.40057264168970225,1,0.0,0.0,0,49,False,Temporary
VIMAX_adjusted_close,0.40057264168970225,1,0.0,0.0,0,49,False,Temporary
DJI.INDX_high,0.40057264168970225,1,0.0,0.0,0,49,False,Temporary
SOYB_close,0.40057264168970225,1,0.0,0.0,0,49,False,Temporary
BLK_close,0.40057264168970225,1,0.0,0.0,0,49,False,Temporary
EURCAD_close,0.40057264168970225,1,0.0,0.0,0,49,False,Temporary
VXD.INDX_high,0.40057264168970225,1,0.0,0.0,0,49,False,Temporary
USDJPY_high,0.40057264168970225,1,0.0,0.0,0,49,False,Temporary
VIGAX_adjusted_close,0.40057264168970225,1,0.0,0.0,0,49,False,Temporary
MSFT_open,0.40057264168970225,1,0.0,0.0,0,49,False,Temporary
AUDUSD_high,0.40057264168970225,1,0.0,0.0,0,49,False,Temporary
SWPPX_close,0.40057264168970225,1,0.0,0.0,0,49,False,Temporary
EURCHF_close,0.40057264168970225,1,0.0,0.0,0,49,False,Temporary
VWUSX_high,0.40057264168970225,1,0.0,0.0,0,49,False,Temporary
EURJPY_high,0.40057264168970225,1,0.0,0.0,0,49,False,Temporary
DIS_adjusted_close,0.40057264168970225,1,0.0,0.0,0,49,False,Temporary
DXY.INDX_adjusted_close,0.40057264168970225,1,0.0,0.0,0,49,False,Temporary
XLK_low,0.40057264168970225,1,0.0,0.0,0,49,False,Temporary
AUDJPY_low,0.40057264168970225,1,0.0,0.0,0,49,False,Temporary
QNT_open,0.40057264168970225,1,0.0,0.0,0,49,False,Temporary
COST_adjusted_close,0.40057264168970225,1,0.0,0.0,0,49,False,Temporary
DXY.INDX_close,0.40057264168970225,1,0.0,0.0,0,49,False,Temporary
CPER_adjusted_close,0.40057264168970225,1,0.0,0.0,0,49,False,Temporary
VOO_open,0.40057264168970225,1,0.0,0.0,0,49,False,Temporary
AUDCAD_low,0.40057264168970225,1,0.0,0.0,0,49,False,Temporary
BCH_low,0.40057264168970225,1,0.0,0.0,0,49,False,Temporary
VVIX.INDX_open,0.40057264168970225,1,0.0,0.0,0,49,False,Temporary
NVDA_low,0.40057264168970225,1,0.0,0.0,0,49,False,Temporary
VTI_high,0.40057264168970225,1,0.0,0.0,0,49,False,Temporary
AVGO_adjusted_close,0.40057264168970225,1,0.0,0.0,0,49,False,Temporary
ADA_open,0.40057264168970225,1,0.0,0.0,0,49,False,Temporary
VTSAX_open,0.40057264168970225,1,0.0,0.0,0,49,False,Temporary
CPER_close,0.40057264168970225,1,0.0,0.0,0,49,False,Temporary
VIMAX_low,0.40057264168970225,1,0.0,0.0,0,49,False,Temporary
VFIAX_close,0.40057264168970225,1,0.0,0.0,0,49,False,Temporary
DJI.INDX_open,0.40057264168970225,1,0.0,0.0,0,49,False,Temporary
VTSAX_low,0.40057264168970225,1,0.0,0.0,0,49,False,Temporary
EURUSD_open,0.40057264168970225,1,0.0,0.0,0,49,False,Temporary
AMD_high,0.40057264168970225,1,0.0,0.0,0,49,False,Temporary
DXY.INDX_open,0.40057264168970225,1,0.0,0.0,0,49,False,Temporary
EURGBP_low,0.40057264168970225,1,0.0,0.0,0,49,False,Temporary
LLY_open,0.40057264168970225,1,0.0,0.0,0,49,False,Temporary
FZROX_open,0.40057264168970225,1,0.0,0.0,0,49,False,Temporary
CADJPY_open_fract,0.40057264168970225,1,0.0,0.0,0,49,False,Temporary
DJI.INDX_volume,0.40057264168970225,1,0.0,0.0,0,49,False,Temporary
SWTSX_close,0.40057264168970225,1,0.0,0.0,0,49,False,Temporary
UNH_open,0.40057264168970225,1,0.0,0.0,0,49,False,Temporary
AMZN_high,0.40057264168970225,1,0.0,0.0,0,49,False,Temporary
VFIAX_open,0.40057264168970225,1,0.0,0.0,0,49,False,Temporary
EURCAD_low,0.40057264168970225,1,0.0,0.0,0,49,False,Temporary
DIA_low,0.40057264168970225,1,0.0,0.0,0,49,False,Temporary
USDCAD_low_fract,0.40057264168970225,1,0.0,0.0,0,49,False,Temporary
HSI.INDX_volume,0.40057264168970225,1,0.0,0.0,0,49,False,Temporary
EURAUD_open_fract,0.40057264168970225,1,0.0,0.0,0,49,False,Temporary
UNH_volume,0.40057264168970225,1,0.0,0.0,0,49,False,Temporary
NVDA_volume,0.40057264168970225,1,0.0,0.0,0,49,False,Temporary
HBAR_close,0.40057264168970225,1,0.0,0.0,0,49,False,Temporary
USDCAD_close_fract,0.40057264168970225,1,0.0,0.0,0,49,False,Temporary
VIMAX_close,0.40057264168970225,1,0.0,0.0,0,49,False,Temporary
HD_volume,0.40057264168970225,1,0.0,0.0,0,49,False,Temporary
NDX.INDX_close,0.40057264168970225,1,0.0,0.0,0,49,False,Temporary
TSLA_adjusted_close,0.40057264168970225,1,0.0,0.0,0,49,False,Temporary
VXN.INDX_open,0.40057264168970225,1,0.0,0.0,0,49,False,Temporary
DXY.INDX_low,0.40057264168970225,1,0.0,0.0,0,49,False,Temporary
SSEC.INDX_low,0.40057264168970225,1,0.0,0.0,0,49,False,Temporary
DOGE_adjusted_close,0.40057264168970225,1,0.0,0.0,0,49,False,Temporary
GBPUSD_open,0.40057264168970225,1,0.0,0.0,0,49,False,Temporary
XLK_high,0.40057264168970225,1,0.0,0.0,0,49,False,Temporary
DOGE_low,0.40057264168970225,1,0.0,0.0,0,49,False,Temporary
AUDJPY_volume_fract,0.40057264168970225,1,0.0,0.0,0,49,False,Temporary
QQQ_close,0.40057264168970225,1,0.0,0.0,0,49,False,Temporary
XLM_open,0.40057264168970225,1,0.0,0.0,0,49,False,Temporary
QQQ_volume,0.40057264168970225,1,0.0,0.0,0,49,False,Temporary
XAGUSD_high,0.40057264168970225,1,0.0,0.0,0,49,False,Temporary
QQQ_adjusted_close,0.40057264168970225,1,0.0,0.0,0,49,False,Temporary
ADA_low,0.40057264168970225,1,0.0,0.0,0,49,False,Temporary
VIGAX_low,0.40057264168970225,1,0.0,0.0,0,49,False,Temporary
VFIAX_low,0.40057264168970225,1,0.0,0.0,0,49,False,Temporary
PG_adjusted_close,0.40057264168970225,1,0.0,0.0,0,49,False,Temporary
CRM_open,0.40057264168970225,1,0.0,0.0,0,49,False,Temporary
ORCL_open,0.40057264168970225,1,0.0,0.0,0,49,False,Temporary
WMT_close,0.40057264168970225,1,0.0,0.0,0,49,False,Temporary
SPY_high,0.40057264168970225,1,0.0,0.0,0,49,False,Temporary
XAGUSD_open,0.40057264168970225,1,0.0,0.0,0,49,False,Temporary
WEAT_low,0.40057264168970225,1,0.0,0.0,0,49,False,Temporary
EURAUD_low,0.40057264168970225,1,0.0,0.0,0,49,False,Temporary
BAC_low,0.40057264168970225,1,0.0,0.0,0,49,False,Temporary
SWPPX_high,0.40057264168970225,1,0.0,0.0,0,49,False,Temporary
NDX.INDX_adjusted_close,0.40057264168970225,1,0.0,0.0,0,49,False,Temporary
AMZN_low,0.40057264168970225,1,0.0,0.0,0,49,False,Temporary
WMT_open,0.40057264168970225,1,0.0,0.0,0,49,False,Temporary
XOM_volume,0.40057264168970225,1,0.0,0.0,0,49,False,Temporary
AUDCHF_volume_fract,0.40057264168970225,1,0.0,0.0,0,49,False,Temporary
NFLX_close,0.40057264168970225,1,0.0,0.0,0,49,False,Temporary
AUDJPY_volume,0.40057264168970225,1,0.0,0.0,0,49,False,Temporary
GLD_low,0.40057264168970225,1,0.0,0.0,0,49,False,Temporary
WMT_high,0.40057264168970225,1,0.0,0.0,0,49,False,Temporary
EURCAD_volume_fract,0.40057264168970225,1,0.0,0.0,0,49,False,Temporary
VWUSX_open,0.40057264168970225,1,0.0,0.0,0,49,False,Temporary
TRX_open,0.40057264168970225,1,0.0,0.0,0,49,False,Temporary
EURUSD_volume,0.40057264168970225,1,0.0,0.0,0,49,False,Temporary
MSFT_close,0.40057264168970225,1,0.0,0.0,0,49,False,Temporary
MA_open,0.40057264168970225,1,0.0,0.0,0,49,False,Temporary
ETC_open,0.40057264168970225,1,0.0,0.0,0,49,False,Temporary
LLY_volume,0.40057264168970225,1,0.0,0.0,0,49,False,Temporary
GBPUSD_low,0.40057264168970225,1,0.0,0.0,0,49,False,Temporary
ADBE_low,0.40057264168970225,1,0.0,0.0,0,49,False,Temporary
MA_adjusted_close,0.40057264168970225,1,0.0,0.0,0,49,False,Temporary
SWTSX_high,0.40057264168970225,1,0.0,0.0,0,49,False,Temporary
ATOM_open,0.40057264168970225,1,0.0,0.0,0,49,False,Temporary
VIGAX_high,0.40057264168970225,1,0.0,0.0,0,49,False,Temporary
XLK_adjusted_close,0.40057264168970225,1,0.0,0.0,0,49,False,Temporary
ETH_high,0.40057264168970225,1,0.0,0.0,0,49,False,Temporary
EURCAD_low_fract,0.40057264168970225,1,0.0,0.0,0,49,False,Temporary
WEAT_high,0.40057264168970225,1,0.0,0.0,0,49,False,Temporary
SOYB_open,0.40057264168970225,1,0.0,0.0,0,49,False,Temporary
NFLX_low,0.40057264168970225,1,0.0,0.0,0,49,False,Temporary
BSESN.INDX_volume,0.40057264168970225,1,0.0,0.0,0,49,False,Temporary
QQQ_low,0.40057264168970225,1,0.0,0.0,0,49,False,Temporary
DXY.INDX_high,0.40057264168970225,1,0.0,0.0,0,49,False,Temporary
NVDA_adjusted_close,0.40057264168970225,1,0.0,0.0,0,49,False,Temporary
MOVE.INDX_low,0.40057264168970225,1,0.0,0.0,0,49,False,Temporary
AGG_adjusted_close,0.40057264168970225,1,0.0,0.0,0,49,False,Temporary
CRM_close,0.22506243760806957,0,0.08163265306122448,1.0,4,49,False,Long-term Stable
PEP_volume,0.21893998862847774,0,0.061224489795918366,1.0,3,49,False,Long-term Stable
CRM_adjusted_close,0.21893998862847774,0,0.061224489795918366,1.0,3,49,False,Long-term Stable
GOOG_open,0.21281753964888592,0,0.04081632653061224,1.0,2,49,False,Temporary
MCD_high,0.21281753964888592,0,0.04081632653061224,1.0,2,49,False,Temporary
ATOM_low,0.006695090669294072,0,0.02040816326530612,0.0,1,49,False,Temporary
USO_high,0.006695090669294072,0,0.02040816326530612,0.0,1,49,False,Temporary
CMCSA_low,0.006695090669294072,0,0.02040816326530612,0.0,1,49,False,Temporary
SOYB_volume,0.006695090669294072,0,0.02040816326530612,0.0,1,49,False,Temporary
GOOGL_open,0.006695090669294072,0,0.02040816326530612,0.0,1,49,False,Temporary
XLK_volume,0.006695090669294072,0,0.02040816326530612,0.0,1,49,False,Temporary
CMCSA_open,0.006695090669294072,0,0.02040816326530612,0.0,1,49,False,Temporary
EURJPY_close_fract,0.006695090669294072,0,0.02040816326530612,0.0,1,49,False,Temporary
CMCSA_high,0.006695090669294072,0,0.02040816326530612,0.0,1,49,False,Temporary
HD_adjusted_close,0.0005726416897022355,0,0.0,0.0,0,49,False,Temporary
AGG_close,0.0005726416897022355,0,0.0,0.0,0,49,False,Temporary
KO_close,0.0005726416897022355,0,0.0,0.0,0,49,False,Temporary
META_volume,0.0005726416897022355,0,0.0,0.0,0,49,False,Temporary
XAUUSD_adjusted_close,0.0005726416897022355,0,0.0,0.0,0,49,False,Temporary
UNG_low,0.0005726416897022355,0,0.0,0.0,0,49,False,Temporary
XAUUSD_low,0.0005726416897022355,0,0.0,0.0,0,49,False,Temporary
QNT_low,0.0005726416897022355,0,0.0,0.0,0,49,False,Temporary
XRP_volume,0.0005726416897022355,0,0.0,0.0,0,49,False,Temporary
UNH_adjusted_close,0.0005726416897022355,0,0.0,0.0,0,49,False,Temporary
META_adjusted_close,0.0005726416897022355,0,0.0,0.0,0,49,False,Temporary
ETC_adjusted_close,0.0005726416897022355,0,0.0,0.0,0,49,False,Temporary
EURUSD_close,0.0005726416897022355,0,0.0,0.0,0,49,False,Temporary
FXAIX_adjusted_close,0.0005726416897022355,0,0.0,0.0,0,49,False,Temporary
IWM_adjusted_close,0.0005726416897022355,0,0.0,0.0,0,49,False,Temporary
ADBE_volume,0.0005726416897022355,0,0.0,0.0,0,49,False,Temporary
QNT_close,0.0005726416897022355,0,0.0,0.0,0,49,False,Temporary
ADA_volume,0.0005726416897022355,0,0.0,0.0,0,49,False,Temporary
AUDJPY_close,0.0005726416897022355,0,0.0,0.0,0,49,False,Temporary
TMUS_volume,0.0005726416897022355,0,0.0,0.0,0,49,False,Temporary
USDCHF_open_fract,0.0005726416897022355,0,0.0,0.0,0,49,False,Temporary
AUDCHF_low,0.0005726416897022355,0,0.0,0.0,0,49,False,Temporary
ORCL_high,0.0005726416897022355,0,0.0,0.0,0,49,False,Temporary
CSCO_close,0.0005726416897022355,0,0.0,0.0,0,49,False,Temporary
USDCAD_high,0.0005726416897022355,0,0.0,0.0,0,49,False,Temporary
IVV_close,0.0005726416897022355,0,0.0,0.0,0,49,False,Temporary
ORCL_low,0.0005726416897022355,0,0.0,0.0,0,49,False,Temporary
CADCHF_open,0.0005726416897022355,0,0.0,0.0,0,49,False,Temporary
ADBE_adjusted_close,0.0005726416897022355,0,0.0,0.0,0,49,False,Temporary
CORN_high,0.0005726416897022355,0,0.0,0.0,0,49,False,Temporary
XPDUSD_open,0.0005726416897022355,0,0.0,0.0,0,49,False,Temporary
CORN_volume,0.0005726416897022355,0,0.0,0.0,0,49,False,Temporary
UNG_volume,0.0005726416897022355,0,0.0,0.0,0,49,False,Temporary
TMUS_high,0.0005726416897022355,0,0.0,0.0,0,49,False,Temporary
EURJPY_high_fract,0.0005726416897022355,0,0.0,0.0,0,49,False,Temporary
HSI.INDX_low,0.0005726416897022355,0,0.0,0.0,0,49,False,Temporary
IWM_close,0.0005726416897022355,0,0.0,0.0,0,49,False,Temporary
KO_high,0.0005726416897022355,0,0.0,0.0,0,49,False,Temporary
TXN_volume,0.0005726416897022355,0,0.0,0.0,0,49,False,Temporary
USDCAD_open,0.0005726416897022355,0,0.0,0.0,0,49,False,Temporary
QNT_volume,0.0005726416897022355,0,0.0,0.0,0,49,False,Temporary
HBAR_low,0.0005726416897022355,0,0.0,0.0,0,49,False,Temporary
USO_close,0.0005726416897022355,0,0.0,0.0,0,49,False,Temporary
EURJPY_low,0.0005726416897022355,0,0.0,0.0,0,49,False,Temporary
XRP_open,0.0005726416897022355,0,0.0,0.0,0,49,False,Temporary
XAGUSD_volume,0.0005726416897022355,0,0.0,0.0,0,49,False,Temporary
CHFJPY_volume_fract,0.0005726416897022355,0,0.0,0.0,0,49,False,Temporary
FIL_high,0.0005726416897022355,0,0.0,0.0,0,49,False,Temporary
V_open,0.0005726416897022355,0,0.0,0.0,0,49,False,Temporary
XRP_close,0.0005726416897022355,0,0.0,0.0,0,49,False,Temporary
XPDUSD_low,0.0005726416897022355,0,0.0,0.0,0,49,False,Temporary
WMT_volume,0.0005726416897022355,0,0.0,0.0,0,49,False,Temporary
DIS_low,0.0005726416897022355,0,0.0,0.0,0,49,False,Temporary
SKEW.INDX_adjusted_close,0.0005726416897022355,0,0.0,0.0,0,49,False,Temporary
SSEC.INDX_volume,0.0005726416897022355,0,0.0,0.0,0,49,False,Temporary
USDCHF_volume,0.0005726416897022355,0,0.0,0.0,0,49,False,Temporary
OVX.INDX_adjusted_close,0.0005726416897022355,0,0.0,0.0,0,49,False,Temporary
FXAIX_open,0.0005726416897022355,0,0.0,0.0,0,49,False,Temporary
SKEW.INDX_high,0.0005726416897022355,0,0.0,0.0,0,49,False,Temporary
NVDA_open,0.0005726416897022355,0,0.0,0.0,0,49,False,Temporary
GBPUSD_high_fract,0.0005726416897022355,0,0.0,0.0,0,49,False,Temporary
AUDCAD_high,0.0005726416897022355,0,0.0,0.0,0,49,False,Temporary
CADCHF_low,0.0005726416897022355,0,0.0,0.0,0,49,False,Temporary
ETC_volume,0.0005726416897022355,0,0.0,0.0,0,49,False,Temporary
NKE_open,0.0005726416897022355,0,0.0,0.0,0,49,False,Temporary
BLK_volume,0.0005726416897022355,0,0.0,0.0,0,49,False,Temporary
DIS_close,0.0005726416897022355,0,0.0,0.0,0,49,False,Temporary
EURGBP_volume,0.0005726416897022355,0,0.0,0.0,0,49,False,Temporary
DIA_high,0.0005726416897022355,0,0.0,0.0,0,49,False,Temporary
VOO_close,0.0005726416897022355,0,0.0,0.0,0,49,False,Temporary
UNG_high,0.0005726416897022355,0,0.0,0.0,0,49,False,Temporary
JPM_high,0.0005726416897022355,0,0.0,0.0,0,49,False,Temporary
FXAIX_close,0.0005726416897022355,0,0.0,0.0,0,49,False,Temporary
SLV_high,0.0005726416897022355,0,0.0,0.0,0,49,False,Temporary
JPM_adjusted_close,0.0005726416897022355,0,0.0,0.0,0,49,False,Temporary
INTC_adjusted_close,0.0005726416897022355,0,0.0,0.0,0,49,False,Temporary
AGG_low,0.0005726416897022355,0,0.0,0.0,0,49,False,Temporary
DIS_volume,0.0005726416897022355,0,0.0,0.0,0,49,False,Temporary
EURUSD_open_fract,0.0005726416897022355,0,0.0,0.0,0,49,False,Temporary
AUDUSD_low,0.0005726416897022355,0,0.0,0.0,0,49,False,Temporary
XLM_volume,0.0005726416897022355,0,0.0,0.0,0,49,False,Temporary
VXD.INDX_close,0.0005726416897022355,0,0.0,0.0,0,49,False,Temporary
CSCO_volume,0.0005726416897022355,0,0.0,0.0,0,49,False,Temporary
USDCAD_low,0.0005726416897022355,0,0.0,0.0,0,49,False,Temporary
EURGBP_high,0.0005726416897022355,0,0.0,0.0,0,49,False,Temporary
XOM_high,0.0005726416897022355,0,0.0,0.0,0,49,False,Temporary
EURUSD_high,0.0005726416897022355,0,0.0,0.0,0,49,False,Temporary
EURCHF_high_fract,0.0005726416897022355,0,0.0,0.0,0,49,False,Temporary
CSCO_low,0.0005726416897022355,0,0.0,0.0,0,49,False,Temporary
EURCAD_high,0.0005726416897022355,0,0.0,0.0,0,49,False,Temporary
NVDA_close,0.0005726416897022355,0,0.0,0.0,0,49,False,Temporary
USDCHF_volume_fract,0.0005726416897022355,0,0.0,0.0,0,49,False,Temporary
PG_high,0.0005726416897022355,0,0.0,0.0,0,49,False,Temporary
XPDUSD_high,0.0005726416897022355,0,0.0,0.0,0,49,False,Temporary
XPDUSD_close,0.0005726416897022355,0,0.0,0.0,0,49,False,Temporary
OVX.INDX_high,0.0005726416897022355,0,0.0,0.0,0,49,False,Temporary
CORN_open,0.0005726416897022355,0,0.0,0.0,0,49,False,Temporary
GVZ.INDX_adjusted_close,0.0005726416897022355,0,0.0,0.0,0,49,False,Temporary
EURCAD_close_fract,0.0005726416897022355,0,0.0,0.0,0,49,False,Temporary
AUDJPY_high_fract,0.0005726416897022355,0,0.0,0.0,0,49,False,Temporary
XOM_open,0.0005726416897022355,0,0.0,0.0,0,49,False,Temporary
ORCL_volume,0.0005726416897022355,0,0.0,0.0,0,49,False,Temporary
USDCAD_close,0.0005726416897022355,0,0.0,0.0,0,49,False,Temporary
ORCL_adjusted_close,0.0005726416897022355,0,0.0,0.0,0,49,False,Temporary
TXN_close,0.0005726416897022355,0,0.0,0.0,0,49,False,Temporary
NVDA_high,0.0005726416897022355,0,0.0,0.0,0,49,False,Temporary
AVGO_volume,0.0005726416897022355,0,0.0,0.0,0,49,False,Temporary
XRP_high,0.0005726416897022355,0,0.0,0.0,0,49,False,Temporary
COST_open,0.0005726416897022355,0,0.0,0.0,0,49,False,Temporary
AUDCAD_open,0.0005726416897022355,0,0.0,0.0,0,49,False,Temporary
XOM_close,0.0005726416897022355,0,0.0,0.0,0,49,False,Temporary
EURGBP_high_fract,0.0005726416897022355,0,0.0,0.0,0,49,False,Temporary
GLD_close,0.0005726416897022355,0,0.0,0.0,0,49,False,Temporary
VFIAX_adjusted_close,0.0005726416897022355,0,0.0,0.0,0,49,False,Temporary
USDCHF_close,0.0005726416897022355,0,0.0,0.0,0,49,False,Temporary
IVV_volume,0.0005726416897022355,0,0.0,0.0,0,49,False,Temporary
HSI.INDX_open,0.0005726416897022355,0,0.0,0.0,0,49,False,Temporary
SKEW.INDX_low,0.0005726416897022355,0,0.0,0.0,0,49,False,Temporary
XAUUSD_close,0.0005726416897022355,0,0.0,0.0,0,49,False,Temporary
GBPUSD_low_fract,0.0005726416897022355,0,0.0,0.0,0,49,False,Temporary
GBPUSD_open_fract,0.0005726416897022355,0,0.0,0.0,0,49,False,Temporary
AMD_open,0.0005726416897022355,0,0.0,0.0,0,49,False,Temporary
TRX_high,0.0005726416897022355,0,0.0,0.0,0,49,False,Temporary
EURCAD_open_fract,0.0005726416897022355,0,0.0,0.0,0,49,False,Temporary
USDJPY_open_fract,0.0005726416897022355,0,0.0,0.0,0,49,False,Temporary
CHFJPY_volume,0.0005726416897022355,0,0.0,0.0,0,49,False,Temporary
VXN.INDX_low,0.0005726416897022355,0,0.0,0.0,0,49,False,Temporary
LINK_low,0.0005726416897022355,0,0.0,0.0,0,49,False,Temporary
GLD_high,0.0005726416897022355,0,0.0,0.0,0,49,False,Temporary
TXN_low,0.0005726416897022355,0,0.0,0.0,0,49,False,Temporary
INTC_volume,0.0005726416897022355,0,0.0,0.0,0,49,False,Temporary
AUDJPY_open_fract,0.0005726416897022355,0,0.0,0.0,0,49,False,Temporary
EURJPY_volume_fract,0.0005726416897022355,0,0.0,0.0,0,49,False,Temporary
CSCO_adjusted_close,0.0005726416897022355,0,0.0,0.0,0,49,False,Temporary
JPM_close,0.0005726416897022355,0,0.0,0.0,0,49,False,Temporary
EURCAD_high_fract,0.0005726416897022355,0,0.0,0.0,0,49,False,Temporary
V_close,0.0005726416897022355,0,0.0,0.0,0,49,False,Temporary
NDX.INDX_volume,0.0005726416897022355,0,0.0,0.0,0,49,False,Temporary
PEP_adjusted_close,0.0005726416897022355,0,0.0,0.0,0,49,False,Temporary
AUDCAD_close,0.0005726416897022355,0,0.0,0.0,0,49,False,Temporary
INTC_open,0.0005726416897022355,0,0.0,0.0,0,49,False,Temporary
BSESN.INDX_open,0.0005726416897022355,0,0.0,0.0,0,49,False,Temporary
CRM_high,0.0005726416897022355,0,0.0,0.0,0,49,False,Temporary
CADCHF_open_fract,0.0005726416897022355,0,0.0,0.0,0,49,False,Temporary
PEP_low,0.0005726416897022355,0,0.0,0.0,0,49,False,Temporary
XRP_low,0.0005726416897022355,0,0.0,0.0,0,49,False,Temporary
AGG_volume,0.0005726416897022355,0,0.0,0.0,0,49,False,Temporary
LINK_volume,0.0005726416897022355,0,0.0,0.0,0,49,False,Temporary
WEAT_close,0.0005726416897022355,0,0.0,0.0,0,49,False,Temporary
EURGBP_open,0.0005726416897022355,0,0.0,0.0,0,49,False,Temporary
AUDNZD_low_fract,0.0005726416897022355,0,0.0,0.0,0,49,False,Temporary
UNH_close,0.0005726416897022355,0,0.0,0.0,0,49,False,Temporary
PEP_close,0.0005726416897022355,0,0.0,0.0,0,49,False,Temporary
SLV_low,0.0005726416897022355,0,0.0,0.0,0,49,False,Temporary
CADJPY_volume_fract,0.0005726416897022355,0,0.0,0.0,0,49,False,Temporary
VXD.INDX_adjusted_close,0.0005726416897022355,0,0.0,0.0,0,49,False,Temporary
TRX_volume,0.0005726416897022355,0,0.0,0.0,0,49,False,Temporary
FZROX_adjusted_close,0.0005726416897022355,0,0.0,0.0,0,49,False,Temporary
VOO_volume,0.0005726416897022355,0,0.0,0.0,0,49,False,Temporary
AUDCHF_high,0.0005726416897022355,0,0.0,0.0,0,49,False,Temporary
V_adjusted_close,0.0005726416897022355,0,0.0,0.0,0,49,False,Temporary
COST_high,0.0005726416897022355,0,0.0,0.0,0,49,False,Temporary
FXAIX_low,0.0005726416897022355,0,0.0,0.0,0,49,False,Temporary
V_high,0.0005726416897022355,0,0.0,0.0,0,49,False,Temporary
CORN_close,0.0005726416897022355,0,0.0,0.0,0,49,False,Temporary
AMD_volume,0.0005726416897022355,0,0.0,0.0,0,49,False,Temporary
AUDCAD_open_fract,0.0005726416897022355,0,0.0,0.0,0,49,False,Temporary
KO_open,0.0005726416897022355,0,0.0,0.0,0,49,False,Temporary
QQQ_open,0.0005726416897022355,0,0.0,0.0,0,49,False,Temporary
EURJPY_open,0.0005726416897022355,0,0.0,0.0,0,49,False,Temporary
USDCAD_open_fract,0.0005726416897022355,0,0.0,0.0,0,49,False,Temporary
AVGO_low,0.0005726416897022355,0,0.0,0.0,0,49,False,Temporary
CSCO_open,0.0005726416897022355,0,0.0,0.0,0,49,False,Temporary
USDCHF_low_fract,0.0005726416897022355,0,0.0,0.0,0,49,False,Temporary
SKEW.INDX_open,0.0005726416897022355,0,0.0,0.0,0,49,False,Temporary
BLK_adjusted_close,0.0005726416897022355,0,0.0,0.0,0,49,False,Temporary
LLY_close,0.0005726416897022355,0,0.0,0.0,0,49,False,Temporary
VVIX.INDX_low,0.0005726416897022355,0,0.0,0.0,0,49,False,Temporary
ADA_adjusted_close,0.0005726416897022355,0,0.0,0.0,0,49,False,Temporary
TXN_adjusted_close,0.0005726416897022355,0,0.0,0.0,0,49,False,Temporary
LINK_close,0.0005726416897022355,0,0.0,0.0,0,49,False,Temporary
EFA_volume,0.0005726416897022355,0,0.0,0.0,0,49,False,Temporary
EURCHF_volume_fract,0.0005726416897022355,0,0.0,0.0,0,49,False,Temporary
SOYB_high,0.0005726416897022355,0,0.0,0.0,0,49,False,Temporary
EURGBP_volume_fract,0.0005726416897022355,0,0.0,0.0,0,49,False,Temporary
CADCHF_high_fract,0.0005726416897022355,0,0.0,0.0,0,49,False,Temporary
LLY_high,0.0005726416897022355,0,0.0,0.0,0,49,False,Temporary
WEAT_adjusted_close,0.0005726416897022355,0,0.0,0.0,0,49,False,Temporary
USDJPY_low_fract,0.0005726416897022355,0,0.0,0.0,0,49,False,Temporary
UNG_open,0.0005726416897022355,0,0.0,0.0,0,49,False,Temporary
IWM_low,0.0005726416897022355,0,0.0,0.0,0,49,False,Temporary
ADA_close,0.0005726416897022355,0,0.0,0.0,0,49,False,Temporary
USDCHF_low,0.0005726416897022355,0,0.0,0.0,0,49,False,Temporary
TMUS_low,0.0005726416897022355,0,0.0,0.0,0,49,False,Temporary
CRM_low,0.0005726416897022355,0,0.0,0.0,0,49,False,Temporary
XAUUSD_high,0.0005726416897022355,0,0.0,0.0,0,49,False,Temporary
META_close,0.0005726416897022355,0,0.0,0.0,0,49,False,Temporary
AUDUSD_close,0.0005726416897022355,0,0.0,0.0,0,49,False,Temporary
EURJPY_open_fract,0.0005726416897022355,0,0.0,0.0,0,49,False,Temporary
USDJPY_volume,0.0005726416897022355,0,0.0,0.0,0,49,False,Temporary
SKEW.INDX_close,0.0005726416897022355,0,0.0,0.0,0,49,False,Temporary
GVZ.INDX_high,0.0005726416897022355,0,0.0,0.0,0,49,False,Temporary
XPDUSD_adjusted_close,0.0005726416897022355,0,0.0,0.0,0,49,False,Temporary
XOM_low,0.0005726416897022355,0,0.0,0.0,0,49,False,Temporary
CPER_volume,0.0005726416897022355,0,0.0,0.0,0,49,False,Temporary
DJI.INDX_adjusted_close,0.0005726416897022355,0,0.0,0.0,0,49,False,Temporary
CORN_adjusted_close,0.0005726416897022355,0,0.0,0.0,0,49,False,Temporary
AUDJPY_open,0.0005726416897022355,0,0.0,0.0,0,49,False,Temporary
FIL_open,0.0005726416897022355,0,0.0,0.0,0,49,False,Temporary
LINK_adjusted_close,0.0005726416897022355,0,0.0,0.0,0,49,False,Temporary
USO_adjusted_close,0.0005726416897022355,0,0.0,0.0,0,49,False,Temporary
LINK_high,0.0005726416897022355,0,0.0,0.0,0,49,False,Temporary
TMUS_adjusted_close,0.0005726416897022355,0,0.0,0.0,0,49,False,Temporary
CADJPY_high_fract,0.0005726416897022355,0,0.0,0.0,0,49,False,Temporary
FIL_adjusted_close,0.0005726416897022355,0,0.0,0.0,0,49,False,Temporary
XAUUSD_open,0.0005726416897022355,0,0.0,0.0,0,49,False,Temporary
FIL_close,0.0005726416897022355,0,0.0,0.0,0,49,False,Temporary
EURJPY_volume,0.0005726416897022355,0,0.0,0.0,0,49,False,Temporary
MCD_open,0.0005726416897022355,0,0.0,0.0,0,49,False,Temporary
WEAT_volume,0.0005726416897022355,0,0.0,0.0,0,49,False,Temporary
PEP_high,0.0005726416897022355,0,0.0,0.0,0,49,False,Temporary
CADJPY_volume,0.0005726416897022355,0,0.0,0.0,0,49,False,Temporary
AVGO_open,0.0005726416897022355,0,0.0,0.0,0,49,False,Temporary
META_low,0.0005726416897022355,0,0.0,0.0,0,49,False,Temporary
GLD_adjusted_close,0.0005726416897022355,0,0.0,0.0,0,49,False,Temporary
USDJPY_high_fract,0.0005726416897022355,0,0.0,0.0,0,49,False,Temporary
SPY_close,0.0005726416897022355,0,0.0,0.0,0,49,False,Temporary
AVGO_close,0.0005726416897022355,0,0.0,0.0,0,49,False,Temporary
TXN_high,0.0005726416897022355,0,0.0,0.0,0,49,False,Temporary
OVX.INDX_close,0.0005726416897022355,0,0.0,0.0,0,49,False,Temporary
CADCHF_close,0.0005726416897022355,0,0.0,0.0,0,49,False,Temporary
DOGE_volume,0.0005726416897022355,0,0.0,0.0,0,49,False,Temporary
USO_volume,0.0005726416897022355,0,0.0,0.0,0,49,False,Temporary
FIL_low,0.0005726416897022355,0,0.0,0.0,0,49,False,Temporary
TMUS_open,0.0005726416897022355,0,0.0,0.0,0,49,False,Temporary
XAUUSD_volume,0.0005726416897022355,0,0.0,0.0,0,49,False,Temporary
VOO_adjusted_close,0.0005726416897022355,0,0.0,0.0,0,49,False,Temporary
VTSAX_adjusted_close,0.0005726416897022355,0,0.0,0.0,0,49,False,Temporary
GVZ.INDX_close,0.0005726416897022355,0,0.0,0.0,0,49,False,Temporary
AVGO_high,0.0005726416897022355,0,0.0,0.0,0,49,False,Temporary
EURGBP_close_fract,0.0005726416897022355,0,0.0,0.0,0,49,False,Temporary
FXAIX_high,0.0005726416897022355,0,0.0,0.0,0,49,False,Temporary
EURCHF_high,0.0005726416897022355,0,0.0,0.0,0,49,False,Temporary
TMUS_close,0.0005726416897022355,0,0.0,0.0,0,49,False,Temporary
VTI_adjusted_close,0.0005726416897022355,0,0.0,0.0,0,49,False,Temporary
EURGBP_close,0.0005726416897022355,0,0.0,0.0,0,49,False,Temporary
NKE_low,0.0005726416897022355,0,0.0,0.0,0,49,False,Temporary
DJI.INDX_close,0.0005726416897022355,0,0.0,0.0,0,49,False,Temporary
PEP_open,0.0005726416897022355,0,0.0,0.0,0,49,False,Temporary
XOM_adjusted_close,0.0005726416897022355,0,0.0,0.0,0,49,False,Temporary
NKE_high,0.0005726416897022355,0,0.0,0.0,0,49,False,Temporary
ADBE_close,0.0005726416897022355,0,0.0,0.0,0,49,False,Temporary
ORCL_close,0.0005726416897022355,0,0.0,0.0,0,49,False,Temporary
V_volume,0.0005726416897022355,0,0.0,0.0,0,49,False,Temporary
ETC_close,0.0005726416897022355,0,0.0,0.0,0,49,False,Temporary
DIA_close,0.0005726416897022355,0,0.0,0.0,0,49,False,Temporary
XRP_adjusted_close,0.0005726416897022355,0,0.0,0.0,0,49,False,Temporary
INTC_high,0.0005726416897022355,0,0.0,0.0,0,49,False,Temporary
MSFT_low,0.0005726416897022355,0,0.0,0.0,0,49,False,Temporary
IWM_open,0.0005726416897022355,0,0.0,0.0,0,49,False,Temporary
MCD_close,0.0005726416897022355,0,0.0,0.0,0,49,False,Temporary
IVV_adjusted_close,0.0005726416897022355,0,0.0,0.0,0,49,False,Temporary
CADCHF_high,0.0005726416897022355,0,0.0,0.0,0,49,False,Temporary
ATOM_adjusted_close,0.0005726416897022355,0,0.0,0.0,0,49,False,Temporary
GLD_open,0.0005726416897022355,0,0.0,0.0,0,49,False,Temporary
EURCHF_volume,0.0005726416897022355,0,0.0,0.0,0,49,False,Temporary
QNT_high,0.0005726416897022355,0,0.0,0.0,0,49,False,Temporary
SWTSX_adjusted_close,0.0005726416897022355,0,0.0,0.0,0,49,False,Temporary
ATOM_close,0.0005726416897022355,0,0.0,0.0,0,49,False,Temporary
USDCAD_volume,0.0005726416897022355,0,0.0,0.0,0,49,False,Temporary
EURGBP_open_fract,0.0005726416897022355,0,0.0,0.0,0,49,False,Temporary
USDCAD_volume_fract,0.0005726416897022355,0,0.0,0.0,0,49,False,Temporary
QNT_adjusted_close,0.0005726416897022355,0,0.0,0.0,0,49,False,Temporary
V_low,0.0005726416897022355,0,0.0,0.0,0,49,False,Temporary
HD_close,0.0005726416897022355,0,0.0,0.0,0,49,False,Temporary
INTC_close,0.0005726416897022355,0,0.0,0.0,0,49,False,Temporary
AUDNZD_open,0.0005726416897022355,0,0.0,0.0,0,49,False,Temporary
SPY_adjusted_close,0.0005726416897022355,0,0.0,0.0,0,49,False,Temporary
CHFJPY_high_fract,0.0005726416897022355,0,0.0,0.0,0,49,False,Temporary
USDCHF_close_fract,0.0005726416897022355,0,0.0,0.0,0,49,False,Temporary
MCD_volume,0.0005726416897022355,0,0.0,0.0,0,49,False,Temporary
SWPPX_adjusted_close,0.0005726416897022355,0,0.0,0.0,0,49,False,Temporary
